,0,1,2,sidx,idx_strs,x,y,pargp3,parval1_3,3
0,0,2,118,"(0, 2, 118)",idx0:0_idx1:2_idx2:118,1185.0,1185.0,drn_riv_cond_headgr,0.0,0.0
1,0,3,118,"(0, 3, 118)",idx0:0_idx1:3_idx2:118,1185.0,1175.0,drn_riv_cond_headgr,0.0,0.0
2,0,4,117,"(0, 4, 117)",idx0:0_idx1:4_idx2:117,1175.0,1165.0,drn_riv_cond_headgr,0.0,0.0
3,0,4,148,"(0, 4, 148)",idx0:0_idx1:4_idx2:148,1485.0,1165.0,drn_riv_cond_headgr,0.0,0.0
4,0,4,149,"(0, 4, 149)",idx0:0_idx1:4_idx2:149,1495.0,1165.0,drn_riv_cond_headgr,0.0,0.0
5,0,5,117,"(0, 5, 117)",idx0:0_idx1:5_idx2:117,1175.0,1155.0,drn_riv_cond_headgr,0.0,0.0
6,0,5,146,"(0, 5, 146)",idx0:0_idx1:5_idx2:146,1465.0,1155.0,drn_riv_cond_headgr,0.0,0.0
7,0,5,147,"(0, 5, 147)",idx0:0_idx1:5_idx2:147,1475.0,1155.0,drn_riv_cond_headgr,0.0,0.0
8,0,6,116,"(0, 6, 116)",idx0:0_idx1:6_idx2:116,1165.0,1145.0,drn_riv_cond_headgr,0.0,0.0
9,0,6,144,"(0, 6, 144)",idx0:0_idx1:6_idx2:144,1445.0,1145.0,drn_riv_cond_headgr,0.0,0.0
10,0,6,145,"(0, 6, 145)",idx0:0_idx1:6_idx2:145,1455.0,1145.0,drn_riv_cond_headgr,0.0,0.0
11,0,7,116,"(0, 7, 116)",idx0:0_idx1:7_idx2:116,1165.0,1135.0,drn_riv_cond_headgr,0.0,0.0
12,0,7,142,"(0, 7, 142)",idx0:0_idx1:7_idx2:142,1425.0,1135.0,drn_riv_cond_headgr,0.0,0.0
13,0,7,143,"(0, 7, 143)",idx0:0_idx1:7_idx2:143,1435.0,1135.0,drn_riv_cond_headgr,0.0,0.0
14,0,8,115,"(0, 8, 115)",idx0:0_idx1:8_idx2:115,1155.0,1125.0,drn_riv_cond_headgr,0.0,0.0
15,0,8,140,"(0, 8, 140)",idx0:0_idx1:8_idx2:140,1405.0,1125.0,drn_riv_cond_headgr,0.0,0.0
16,0,8,141,"(0, 8, 141)",idx0:0_idx1:8_idx2:141,1415.0,1125.0,drn_riv_cond_headgr,0.0,0.0
17,0,9,114,"(0, 9, 114)",idx0:0_idx1:9_idx2:114,1145.0,1115.0,drn_riv_cond_headgr,0.0,0.0
18,0,9,138,"(0, 9, 138)",idx0:0_idx1:9_idx2:138,1385.0,1115.0,drn_riv_cond_headgr,0.0,0.0
19,0,9,139,"(0, 9, 139)",idx0:0_idx1:9_idx2:139,1395.0,1115.0,drn_riv_cond_headgr,0.0,0.0
20,0,10,113,"(0, 10, 113)",idx0:0_idx1:10_idx2:113,1135.0,1105.0,drn_riv_cond_headgr,0.0,0.0
21,0,10,136,"(0, 10, 136)",idx0:0_idx1:10_idx2:136,1365.0,1105.0,drn_riv_cond_headgr,0.0,0.0
22,0,10,137,"(0, 10, 137)",idx0:0_idx1:10_idx2:137,1375.0,1105.0,drn_riv_cond_headgr,0.0,0.0
23,0,11,113,"(0, 11, 113)",idx0:0_idx1:11_idx2:113,1135.0,1095.0,drn_riv_cond_headgr,0.0,0.0
24,0,11,134,"(0, 11, 134)",idx0:0_idx1:11_idx2:134,1345.0,1095.0,drn_riv_cond_headgr,0.0,0.0
25,0,11,135,"(0, 11, 135)",idx0:0_idx1:11_idx2:135,1355.0,1095.0,drn_riv_cond_headgr,0.0,0.0
26,0,12,112,"(0, 12, 112)",idx0:0_idx1:12_idx2:112,1125.0,1085.0,drn_riv_cond_headgr,0.0,0.0
27,0,12,132,"(0, 12, 132)",idx0:0_idx1:12_idx2:132,1325.0,1085.0,drn_riv_cond_headgr,0.0,0.0
28,0,12,133,"(0, 12, 133)",idx0:0_idx1:12_idx2:133,1335.0,1085.0,drn_riv_cond_headgr,0.0,0.0
29,0,13,112,"(0, 13, 112)",idx0:0_idx1:13_idx2:112,1125.0,1075.0,drn_riv_cond_headgr,0.0,0.0
30,0,13,130,"(0, 13, 130)",idx0:0_idx1:13_idx2:130,1305.0,1075.0,drn_riv_cond_headgr,0.0,0.0
31,0,13,131,"(0, 13, 131)",idx0:0_idx1:13_idx2:131,1315.0,1075.0,drn_riv_cond_headgr,0.0,0.0
32,0,14,112,"(0, 14, 112)",idx0:0_idx1:14_idx2:112,1125.0,1065.0,drn_riv_cond_headgr,0.0,0.0
33,0,14,128,"(0, 14, 128)",idx0:0_idx1:14_idx2:128,1285.0,1065.0,drn_riv_cond_headgr,0.0,0.0
34,0,14,129,"(0, 14, 129)",idx0:0_idx1:14_idx2:129,1295.0,1065.0,drn_riv_cond_headgr,0.0,0.0
35,0,15,112,"(0, 15, 112)",idx0:0_idx1:15_idx2:112,1125.0,1055.0,drn_riv_cond_headgr,0.0,0.0
36,0,15,126,"(0, 15, 126)",idx0:0_idx1:15_idx2:126,1265.0,1055.0,drn_riv_cond_headgr,0.0,0.0
37,0,15,127,"(0, 15, 127)",idx0:0_idx1:15_idx2:127,1275.0,1055.0,drn_riv_cond_headgr,0.0,0.0
38,0,16,112,"(0, 16, 112)",idx0:0_idx1:16_idx2:112,1125.0,1045.0,drn_riv_cond_headgr,0.0,0.0
39,0,16,124,"(0, 16, 124)",idx0:0_idx1:16_idx2:124,1245.0,1045.0,drn_riv_cond_headgr,0.0,0.0
40,0,16,125,"(0, 16, 125)",idx0:0_idx1:16_idx2:125,1255.0,1045.0,drn_riv_cond_headgr,0.0,0.0
41,0,16,148,"(0, 16, 148)",idx0:0_idx1:16_idx2:148,1485.0,1045.0,drn_riv_cond_headgr,0.0,0.0
42,0,16,149,"(0, 16, 149)",idx0:0_idx1:16_idx2:149,1495.0,1045.0,drn_riv_cond_headgr,0.0,0.0
43,0,17,112,"(0, 17, 112)",idx0:0_idx1:17_idx2:112,1125.0,1035.0,drn_riv_cond_headgr,0.0,0.0
44,0,17,122,"(0, 17, 122)",idx0:0_idx1:17_idx2:122,1225.0,1035.0,drn_riv_cond_headgr,0.0,0.0
45,0,17,123,"(0, 17, 123)",idx0:0_idx1:17_idx2:123,1235.0,1035.0,drn_riv_cond_headgr,0.0,0.0
46,0,17,147,"(0, 17, 147)",idx0:0_idx1:17_idx2:147,1475.0,1035.0,drn_riv_cond_headgr,0.0,0.0
47,0,18,111,"(0, 18, 111)",idx0:0_idx1:18_idx2:111,1115.0,1025.0,drn_riv_cond_headgr,0.0,0.0
48,0,18,120,"(0, 18, 120)",idx0:0_idx1:18_idx2:120,1205.0,1025.0,drn_riv_cond_headgr,0.0,0.0
49,0,18,121,"(0, 18, 121)",idx0:0_idx1:18_idx2:121,1215.0,1025.0,drn_riv_cond_headgr,0.0,0.0
50,0,18,138,"(0, 18, 138)",idx0:0_idx1:18_idx2:138,1385.0,1025.0,drn_riv_cond_headgr,0.0,0.0
51,0,18,139,"(0, 18, 139)",idx0:0_idx1:18_idx2:139,1395.0,1025.0,drn_riv_cond_headgr,0.0,0.0
52,0,18,140,"(0, 18, 140)",idx0:0_idx1:18_idx2:140,1405.0,1025.0,drn_riv_cond_headgr,0.0,0.0
53,0,18,141,"(0, 18, 141)",idx0:0_idx1:18_idx2:141,1415.0,1025.0,drn_riv_cond_headgr,0.0,0.0
54,0,18,142,"(0, 18, 142)",idx0:0_idx1:18_idx2:142,1425.0,1025.0,drn_riv_cond_headgr,0.0,0.0
55,0,18,143,"(0, 18, 143)",idx0:0_idx1:18_idx2:143,1435.0,1025.0,drn_riv_cond_headgr,0.0,0.0
56,0,18,144,"(0, 18, 144)",idx0:0_idx1:18_idx2:144,1445.0,1025.0,drn_riv_cond_headgr,0.0,0.0
57,0,18,145,"(0, 18, 145)",idx0:0_idx1:18_idx2:145,1455.0,1025.0,drn_riv_cond_headgr,0.0,0.0
58,0,18,146,"(0, 18, 146)",idx0:0_idx1:18_idx2:146,1465.0,1025.0,drn_riv_cond_headgr,0.0,0.0
59,0,19,111,"(0, 19, 111)",idx0:0_idx1:19_idx2:111,1115.0,1015.0,drn_riv_cond_headgr,0.0,0.0
60,0,19,118,"(0, 19, 118)",idx0:0_idx1:19_idx2:118,1185.0,1015.0,drn_riv_cond_headgr,0.0,0.0
61,0,19,119,"(0, 19, 119)",idx0:0_idx1:19_idx2:119,1195.0,1015.0,drn_riv_cond_headgr,0.0,0.0
62,0,19,136,"(0, 19, 136)",idx0:0_idx1:19_idx2:136,1365.0,1015.0,drn_riv_cond_headgr,0.0,0.0
63,0,19,137,"(0, 19, 137)",idx0:0_idx1:19_idx2:137,1375.0,1015.0,drn_riv_cond_headgr,0.0,0.0
64,0,20,31,"(0, 20, 31)",idx0:0_idx1:20_idx2:31,315.0,1005.0,drn_riv_cond_headgr,0.0,0.0
65,0,20,111,"(0, 20, 111)",idx0:0_idx1:20_idx2:111,1115.0,1005.0,drn_riv_cond_headgr,0.0,0.0
66,0,20,116,"(0, 20, 116)",idx0:0_idx1:20_idx2:116,1165.0,1005.0,drn_riv_cond_headgr,0.0,0.0
67,0,20,117,"(0, 20, 117)",idx0:0_idx1:20_idx2:117,1175.0,1005.0,drn_riv_cond_headgr,0.0,0.0
68,0,20,135,"(0, 20, 135)",idx0:0_idx1:20_idx2:135,1355.0,1005.0,drn_riv_cond_headgr,0.0,0.0
69,0,21,32,"(0, 21, 32)",idx0:0_idx1:21_idx2:32,325.0,995.0,drn_riv_cond_headgr,0.0,0.0
70,0,21,33,"(0, 21, 33)",idx0:0_idx1:21_idx2:33,335.0,995.0,drn_riv_cond_headgr,0.0,0.0
71,0,21,34,"(0, 21, 34)",idx0:0_idx1:21_idx2:34,345.0,995.0,drn_riv_cond_headgr,0.0,0.0
72,0,21,111,"(0, 21, 111)",idx0:0_idx1:21_idx2:111,1115.0,995.0,drn_riv_cond_headgr,0.0,0.0
73,0,21,114,"(0, 21, 114)",idx0:0_idx1:21_idx2:114,1145.0,995.0,drn_riv_cond_headgr,0.0,0.0
74,0,21,115,"(0, 21, 115)",idx0:0_idx1:21_idx2:115,1155.0,995.0,drn_riv_cond_headgr,0.0,0.0
75,0,21,133,"(0, 21, 133)",idx0:0_idx1:21_idx2:133,1335.0,995.0,drn_riv_cond_headgr,0.0,0.0
76,0,21,134,"(0, 21, 134)",idx0:0_idx1:21_idx2:134,1345.0,995.0,drn_riv_cond_headgr,0.0,0.0
77,0,22,35,"(0, 22, 35)",idx0:0_idx1:22_idx2:35,355.0,985.0,drn_riv_cond_headgr,0.0,0.0
78,0,22,36,"(0, 22, 36)",idx0:0_idx1:22_idx2:36,365.0,985.0,drn_riv_cond_headgr,0.0,0.0
79,0,22,37,"(0, 22, 37)",idx0:0_idx1:22_idx2:37,375.0,985.0,drn_riv_cond_headgr,0.0,0.0
80,0,22,110,"(0, 22, 110)",idx0:0_idx1:22_idx2:110,1105.0,985.0,drn_riv_cond_headgr,0.0,0.0
81,0,22,113,"(0, 22, 113)",idx0:0_idx1:22_idx2:113,1135.0,985.0,drn_riv_cond_headgr,0.0,0.0
82,0,22,131,"(0, 22, 131)",idx0:0_idx1:22_idx2:131,1315.0,985.0,drn_riv_cond_headgr,0.0,0.0
83,0,22,132,"(0, 22, 132)",idx0:0_idx1:22_idx2:132,1325.0,985.0,drn_riv_cond_headgr,0.0,0.0
84,0,23,38,"(0, 23, 38)",idx0:0_idx1:23_idx2:38,385.0,975.0,drn_riv_cond_headgr,0.0,0.0
85,0,23,39,"(0, 23, 39)",idx0:0_idx1:23_idx2:39,395.0,975.0,drn_riv_cond_headgr,0.0,0.0
86,0,23,40,"(0, 23, 40)",idx0:0_idx1:23_idx2:40,405.0,975.0,drn_riv_cond_headgr,0.0,0.0
87,0,23,110,"(0, 23, 110)",idx0:0_idx1:23_idx2:110,1105.0,975.0,drn_riv_cond_headgr,0.0,0.0
88,0,23,129,"(0, 23, 129)",idx0:0_idx1:23_idx2:129,1295.0,975.0,drn_riv_cond_headgr,0.0,0.0
89,0,23,130,"(0, 23, 130)",idx0:0_idx1:23_idx2:130,1305.0,975.0,drn_riv_cond_headgr,0.0,0.0
90,0,24,41,"(0, 24, 41)",idx0:0_idx1:24_idx2:41,415.0,965.0,drn_riv_cond_headgr,0.0,0.0
91,0,24,42,"(0, 24, 42)",idx0:0_idx1:24_idx2:42,425.0,965.0,drn_riv_cond_headgr,0.0,0.0
92,0,24,43,"(0, 24, 43)",idx0:0_idx1:24_idx2:43,435.0,965.0,drn_riv_cond_headgr,0.0,0.0
93,0,24,109,"(0, 24, 109)",idx0:0_idx1:24_idx2:109,1095.0,965.0,drn_riv_cond_headgr,0.0,0.0
94,0,24,128,"(0, 24, 128)",idx0:0_idx1:24_idx2:128,1285.0,965.0,drn_riv_cond_headgr,0.0,0.0
95,0,25,44,"(0, 25, 44)",idx0:0_idx1:25_idx2:44,445.0,955.0,drn_riv_cond_headgr,0.0,0.0
96,0,25,45,"(0, 25, 45)",idx0:0_idx1:25_idx2:45,455.0,955.0,drn_riv_cond_headgr,0.0,0.0
97,0,25,46,"(0, 25, 46)",idx0:0_idx1:25_idx2:46,465.0,955.0,drn_riv_cond_headgr,0.0,0.0
98,0,25,109,"(0, 25, 109)",idx0:0_idx1:25_idx2:109,1095.0,955.0,drn_riv_cond_headgr,0.0,0.0
99,0,25,126,"(0, 25, 126)",idx0:0_idx1:25_idx2:126,1265.0,955.0,drn_riv_cond_headgr,0.0,0.0
100,0,25,127,"(0, 25, 127)",idx0:0_idx1:25_idx2:127,1275.0,955.0,drn_riv_cond_headgr,0.0,0.0
101,0,26,47,"(0, 26, 47)",idx0:0_idx1:26_idx2:47,475.0,945.0,drn_riv_cond_headgr,0.0,0.0
102,0,26,48,"(0, 26, 48)",idx0:0_idx1:26_idx2:48,485.0,945.0,drn_riv_cond_headgr,0.0,0.0
103,0,26,49,"(0, 26, 49)",idx0:0_idx1:26_idx2:49,495.0,945.0,drn_riv_cond_headgr,0.0,0.0
104,0,26,109,"(0, 26, 109)",idx0:0_idx1:26_idx2:109,1095.0,945.0,drn_riv_cond_headgr,0.0,0.0
105,0,26,124,"(0, 26, 124)",idx0:0_idx1:26_idx2:124,1245.0,945.0,drn_riv_cond_headgr,0.0,0.0
106,0,26,125,"(0, 26, 125)",idx0:0_idx1:26_idx2:125,1255.0,945.0,drn_riv_cond_headgr,0.0,0.0
107,0,27,50,"(0, 27, 50)",idx0:0_idx1:27_idx2:50,505.0,935.0,drn_riv_cond_headgr,0.0,0.0
108,0,27,51,"(0, 27, 51)",idx0:0_idx1:27_idx2:51,515.0,935.0,drn_riv_cond_headgr,0.0,0.0
109,0,27,109,"(0, 27, 109)",idx0:0_idx1:27_idx2:109,1095.0,935.0,drn_riv_cond_headgr,0.0,0.0
110,0,27,122,"(0, 27, 122)",idx0:0_idx1:27_idx2:122,1225.0,935.0,drn_riv_cond_headgr,0.0,0.0
111,0,27,123,"(0, 27, 123)",idx0:0_idx1:27_idx2:123,1235.0,935.0,drn_riv_cond_headgr,0.0,0.0
112,0,28,52,"(0, 28, 52)",idx0:0_idx1:28_idx2:52,525.0,925.0,drn_riv_cond_headgr,0.0,0.0
113,0,28,109,"(0, 28, 109)",idx0:0_idx1:28_idx2:109,1095.0,925.0,drn_riv_cond_headgr,0.0,0.0
114,0,28,114,"(0, 28, 114)",idx0:0_idx1:28_idx2:114,1145.0,925.0,drn_riv_cond_headgr,0.0,0.0
115,0,28,115,"(0, 28, 115)",idx0:0_idx1:28_idx2:115,1155.0,925.0,drn_riv_cond_headgr,0.0,0.0
116,0,28,116,"(0, 28, 116)",idx0:0_idx1:28_idx2:116,1165.0,925.0,drn_riv_cond_headgr,0.0,0.0
117,0,28,117,"(0, 28, 117)",idx0:0_idx1:28_idx2:117,1175.0,925.0,drn_riv_cond_headgr,0.0,0.0
118,0,28,118,"(0, 28, 118)",idx0:0_idx1:28_idx2:118,1185.0,925.0,drn_riv_cond_headgr,0.0,0.0
119,0,28,119,"(0, 28, 119)",idx0:0_idx1:28_idx2:119,1195.0,925.0,drn_riv_cond_headgr,0.0,0.0
120,0,28,120,"(0, 28, 120)",idx0:0_idx1:28_idx2:120,1205.0,925.0,drn_riv_cond_headgr,0.0,0.0
121,0,28,121,"(0, 28, 121)",idx0:0_idx1:28_idx2:121,1215.0,925.0,drn_riv_cond_headgr,0.0,0.0
122,0,29,53,"(0, 29, 53)",idx0:0_idx1:29_idx2:53,535.0,915.0,drn_riv_cond_headgr,0.0,0.0
123,0,29,54,"(0, 29, 54)",idx0:0_idx1:29_idx2:54,545.0,915.0,drn_riv_cond_headgr,0.0,0.0
124,0,29,108,"(0, 29, 108)",idx0:0_idx1:29_idx2:108,1085.0,915.0,drn_riv_cond_headgr,0.0,0.0
125,0,29,112,"(0, 29, 112)",idx0:0_idx1:29_idx2:112,1125.0,915.0,drn_riv_cond_headgr,0.0,0.0
126,0,29,113,"(0, 29, 113)",idx0:0_idx1:29_idx2:113,1135.0,915.0,drn_riv_cond_headgr,0.0,0.0
127,0,30,55,"(0, 30, 55)",idx0:0_idx1:30_idx2:55,555.0,905.0,drn_riv_cond_headgr,0.0,0.0
128,0,30,56,"(0, 30, 56)",idx0:0_idx1:30_idx2:56,565.0,905.0,drn_riv_cond_headgr,0.0,0.0
129,0,30,108,"(0, 30, 108)",idx0:0_idx1:30_idx2:108,1085.0,905.0,drn_riv_cond_headgr,0.0,0.0
130,0,30,111,"(0, 30, 111)",idx0:0_idx1:30_idx2:111,1115.0,905.0,drn_riv_cond_headgr,0.0,0.0
131,0,31,57,"(0, 31, 57)",idx0:0_idx1:31_idx2:57,575.0,895.0,drn_riv_cond_headgr,0.0,0.0
132,0,31,107,"(0, 31, 107)",idx0:0_idx1:31_idx2:107,1075.0,895.0,drn_riv_cond_headgr,0.0,0.0
133,0,31,111,"(0, 31, 111)",idx0:0_idx1:31_idx2:111,1115.0,895.0,drn_riv_cond_headgr,0.0,0.0
134,0,32,58,"(0, 32, 58)",idx0:0_idx1:32_idx2:58,585.0,885.0,drn_riv_cond_headgr,0.0,0.0
135,0,32,107,"(0, 32, 107)",idx0:0_idx1:32_idx2:107,1075.0,885.0,drn_riv_cond_headgr,0.0,0.0
136,0,32,111,"(0, 32, 111)",idx0:0_idx1:32_idx2:111,1115.0,885.0,drn_riv_cond_headgr,0.0,0.0
137,0,33,59,"(0, 33, 59)",idx0:0_idx1:33_idx2:59,595.0,875.0,drn_riv_cond_headgr,0.0,0.0
138,0,33,106,"(0, 33, 106)",idx0:0_idx1:33_idx2:106,1065.0,875.0,drn_riv_cond_headgr,0.0,0.0
139,0,33,110,"(0, 33, 110)",idx0:0_idx1:33_idx2:110,1105.0,875.0,drn_riv_cond_headgr,0.0,0.0
140,0,34,60,"(0, 34, 60)",idx0:0_idx1:34_idx2:60,605.0,865.0,drn_riv_cond_headgr,0.0,0.0
141,0,34,106,"(0, 34, 106)",idx0:0_idx1:34_idx2:106,1065.0,865.0,drn_riv_cond_headgr,0.0,0.0
142,0,34,110,"(0, 34, 110)",idx0:0_idx1:34_idx2:110,1105.0,865.0,drn_riv_cond_headgr,0.0,0.0
143,0,35,61,"(0, 35, 61)",idx0:0_idx1:35_idx2:61,615.0,855.0,drn_riv_cond_headgr,0.0,0.0
144,0,35,105,"(0, 35, 105)",idx0:0_idx1:35_idx2:105,1055.0,855.0,drn_riv_cond_headgr,0.0,0.0
145,0,35,110,"(0, 35, 110)",idx0:0_idx1:35_idx2:110,1105.0,855.0,drn_riv_cond_headgr,0.0,0.0
146,0,36,61,"(0, 36, 61)",idx0:0_idx1:36_idx2:61,615.0,845.0,drn_riv_cond_headgr,0.0,0.0
147,0,36,105,"(0, 36, 105)",idx0:0_idx1:36_idx2:105,1055.0,845.0,drn_riv_cond_headgr,0.0,0.0
148,0,36,110,"(0, 36, 110)",idx0:0_idx1:36_idx2:110,1105.0,845.0,drn_riv_cond_headgr,0.0,0.0
149,0,37,62,"(0, 37, 62)",idx0:0_idx1:37_idx2:62,625.0,835.0,drn_riv_cond_headgr,0.0,0.0
150,0,37,104,"(0, 37, 104)",idx0:0_idx1:37_idx2:104,1045.0,835.0,drn_riv_cond_headgr,0.0,0.0
151,0,37,110,"(0, 37, 110)",idx0:0_idx1:37_idx2:110,1105.0,835.0,drn_riv_cond_headgr,0.0,0.0
152,0,38,63,"(0, 38, 63)",idx0:0_idx1:38_idx2:63,635.0,825.0,drn_riv_cond_headgr,0.0,0.0
153,0,38,99,"(0, 38, 99)",idx0:0_idx1:38_idx2:99,995.0,825.0,drn_riv_cond_headgr,0.0,0.0
154,0,38,100,"(0, 38, 100)",idx0:0_idx1:38_idx2:100,1005.0,825.0,drn_riv_cond_headgr,0.0,0.0
155,0,38,101,"(0, 38, 101)",idx0:0_idx1:38_idx2:101,1015.0,825.0,drn_riv_cond_headgr,0.0,0.0
156,0,38,102,"(0, 38, 102)",idx0:0_idx1:38_idx2:102,1025.0,825.0,drn_riv_cond_headgr,0.0,0.0
157,0,38,103,"(0, 38, 103)",idx0:0_idx1:38_idx2:103,1035.0,825.0,drn_riv_cond_headgr,0.0,0.0
158,0,38,104,"(0, 38, 104)",idx0:0_idx1:38_idx2:104,1045.0,825.0,drn_riv_cond_headgr,0.0,0.0
159,0,38,110,"(0, 38, 110)",idx0:0_idx1:38_idx2:110,1105.0,825.0,drn_riv_cond_headgr,0.0,0.0
160,0,39,64,"(0, 39, 64)",idx0:0_idx1:39_idx2:64,645.0,815.0,drn_riv_cond_headgr,0.0,0.0
161,0,39,98,"(0, 39, 98)",idx0:0_idx1:39_idx2:98,985.0,815.0,drn_riv_cond_headgr,0.0,0.0
162,0,39,105,"(0, 39, 105)",idx0:0_idx1:39_idx2:105,1055.0,815.0,drn_riv_cond_headgr,0.0,0.0
163,0,39,110,"(0, 39, 110)",idx0:0_idx1:39_idx2:110,1105.0,815.0,drn_riv_cond_headgr,0.0,0.0
164,0,40,65,"(0, 40, 65)",idx0:0_idx1:40_idx2:65,655.0,805.0,drn_riv_cond_headgr,0.0,0.0
165,0,40,66,"(0, 40, 66)",idx0:0_idx1:40_idx2:66,665.0,805.0,drn_riv_cond_headgr,0.0,0.0
166,0,40,67,"(0, 40, 67)",idx0:0_idx1:40_idx2:67,675.0,805.0,drn_riv_cond_headgr,0.0,0.0
167,0,40,96,"(0, 40, 96)",idx0:0_idx1:40_idx2:96,965.0,805.0,drn_riv_cond_headgr,0.0,0.0
168,0,40,97,"(0, 40, 97)",idx0:0_idx1:40_idx2:97,975.0,805.0,drn_riv_cond_headgr,0.0,0.0
169,0,40,106,"(0, 40, 106)",idx0:0_idx1:40_idx2:106,1065.0,805.0,drn_riv_cond_headgr,0.0,0.0
170,0,40,107,"(0, 40, 107)",idx0:0_idx1:40_idx2:107,1075.0,805.0,drn_riv_cond_headgr,0.0,0.0
171,0,41,68,"(0, 41, 68)",idx0:0_idx1:41_idx2:68,685.0,795.0,drn_riv_cond_headgr,0.0,0.0
172,0,41,95,"(0, 41, 95)",idx0:0_idx1:41_idx2:95,955.0,795.0,drn_riv_cond_headgr,0.0,0.0
173,0,42,69,"(0, 42, 69)",idx0:0_idx1:42_idx2:69,695.0,785.0,drn_riv_cond_headgr,0.0,0.0
174,0,42,94,"(0, 42, 94)",idx0:0_idx1:42_idx2:94,945.0,785.0,drn_riv_cond_headgr,0.0,0.0
175,0,43,70,"(0, 43, 70)",idx0:0_idx1:43_idx2:70,705.0,775.0,drn_riv_cond_headgr,0.0,0.0
176,0,43,71,"(0, 43, 71)",idx0:0_idx1:43_idx2:71,715.0,775.0,drn_riv_cond_headgr,0.0,0.0
177,0,43,93,"(0, 43, 93)",idx0:0_idx1:43_idx2:93,935.0,775.0,drn_riv_cond_headgr,0.0,0.0
178,0,44,72,"(0, 44, 72)",idx0:0_idx1:44_idx2:72,725.0,765.0,drn_riv_cond_headgr,0.0,0.0
179,0,44,92,"(0, 44, 92)",idx0:0_idx1:44_idx2:92,925.0,765.0,drn_riv_cond_headgr,0.0,0.0
180,0,45,73,"(0, 45, 73)",idx0:0_idx1:45_idx2:73,735.0,755.0,drn_riv_cond_headgr,0.0,0.0
181,0,45,91,"(0, 45, 91)",idx0:0_idx1:45_idx2:91,915.0,755.0,drn_riv_cond_headgr,0.0,0.0
182,0,46,74,"(0, 46, 74)",idx0:0_idx1:46_idx2:74,745.0,745.0,drn_riv_cond_headgr,0.0,0.0
183,0,46,75,"(0, 46, 75)",idx0:0_idx1:46_idx2:75,755.0,745.0,drn_riv_cond_headgr,0.0,0.0
184,0,46,90,"(0, 46, 90)",idx0:0_idx1:46_idx2:90,905.0,745.0,drn_riv_cond_headgr,0.0,0.0
185,0,47,76,"(0, 47, 76)",idx0:0_idx1:47_idx2:76,765.0,735.0,drn_riv_cond_headgr,0.0,0.0
186,0,47,89,"(0, 47, 89)",idx0:0_idx1:47_idx2:89,895.0,735.0,drn_riv_cond_headgr,0.0,0.0
187,0,48,77,"(0, 48, 77)",idx0:0_idx1:48_idx2:77,775.0,725.0,drn_riv_cond_headgr,0.0,0.0
188,0,48,88,"(0, 48, 88)",idx0:0_idx1:48_idx2:88,885.0,725.0,drn_riv_cond_headgr,0.0,0.0
189,0,49,78,"(0, 49, 78)",idx0:0_idx1:49_idx2:78,785.0,715.0,drn_riv_cond_headgr,0.0,0.0
190,0,49,88,"(0, 49, 88)",idx0:0_idx1:49_idx2:88,885.0,715.0,drn_riv_cond_headgr,0.0,0.0
191,0,50,79,"(0, 50, 79)",idx0:0_idx1:50_idx2:79,795.0,705.0,drn_riv_cond_headgr,0.0,0.0
192,0,50,87,"(0, 50, 87)",idx0:0_idx1:50_idx2:87,875.0,705.0,drn_riv_cond_headgr,0.0,0.0
193,0,51,80,"(0, 51, 80)",idx0:0_idx1:51_idx2:80,805.0,695.0,drn_riv_cond_headgr,0.0,0.0
194,0,51,81,"(0, 51, 81)",idx0:0_idx1:51_idx2:81,815.0,695.0,drn_riv_cond_headgr,0.0,0.0
195,0,51,87,"(0, 51, 87)",idx0:0_idx1:51_idx2:87,875.0,695.0,drn_riv_cond_headgr,0.0,0.0
196,0,52,82,"(0, 52, 82)",idx0:0_idx1:52_idx2:82,825.0,685.0,drn_riv_cond_headgr,0.0,0.0
197,0,52,83,"(0, 52, 83)",idx0:0_idx1:52_idx2:83,835.0,685.0,drn_riv_cond_headgr,0.0,0.0
198,0,52,87,"(0, 52, 87)",idx0:0_idx1:52_idx2:87,875.0,685.0,drn_riv_cond_headgr,0.0,0.0
199,0,53,84,"(0, 53, 84)",idx0:0_idx1:53_idx2:84,845.0,675.0,drn_riv_cond_headgr,0.0,0.0
200,0,53,85,"(0, 53, 85)",idx0:0_idx1:53_idx2:85,855.0,675.0,drn_riv_cond_headgr,0.0,0.0
201,0,53,86,"(0, 53, 86)",idx0:0_idx1:53_idx2:86,865.0,675.0,drn_riv_cond_headgr,0.0,0.0
202,0,53,88,"(0, 53, 88)",idx0:0_idx1:53_idx2:88,885.0,675.0,drn_riv_cond_headgr,0.0,0.0
203,0,54,88,"(0, 54, 88)",idx0:0_idx1:54_idx2:88,885.0,665.0,drn_riv_cond_headgr,0.0,0.0
204,0,55,88,"(0, 55, 88)",idx0:0_idx1:55_idx2:88,885.0,655.0,drn_riv_cond_headgr,0.0,0.0
205,0,56,87,"(0, 56, 87)",idx0:0_idx1:56_idx2:87,875.0,645.0,drn_riv_cond_headgr,0.0,0.0
206,0,57,86,"(0, 57, 86)",idx0:0_idx1:57_idx2:86,865.0,635.0,drn_riv_cond_headgr,0.0,0.0
207,0,58,84,"(0, 58, 84)",idx0:0_idx1:58_idx2:84,845.0,625.0,drn_riv_cond_headgr,0.0,0.0
208,0,58,85,"(0, 58, 85)",idx0:0_idx1:58_idx2:85,855.0,625.0,drn_riv_cond_headgr,0.0,0.0
209,0,59,83,"(0, 59, 83)",idx0:0_idx1:59_idx2:83,835.0,615.0,drn_riv_cond_headgr,0.0,0.0
210,0,60,83,"(0, 60, 83)",idx0:0_idx1:60_idx2:83,835.0,605.0,drn_riv_cond_headgr,0.0,0.0
211,0,61,84,"(0, 61, 84)",idx0:0_idx1:61_idx2:84,845.0,595.0,drn_riv_cond_headgr,0.0,0.0
212,0,62,83,"(0, 62, 83)",idx0:0_idx1:62_idx2:83,835.0,585.0,drn_riv_cond_headgr,0.0,0.0
213,0,63,83,"(0, 63, 83)",idx0:0_idx1:63_idx2:83,835.0,575.0,drn_riv_cond_headgr,0.0,0.0
214,0,64,82,"(0, 64, 82)",idx0:0_idx1:64_idx2:82,825.0,565.0,drn_riv_cond_headgr,0.0,0.0
215,0,65,82,"(0, 65, 82)",idx0:0_idx1:65_idx2:82,825.0,555.0,drn_riv_cond_headgr,0.0,0.0
216,0,66,82,"(0, 66, 82)",idx0:0_idx1:66_idx2:82,825.0,545.0,drn_riv_cond_headgr,0.0,0.0
217,0,67,80,"(0, 67, 80)",idx0:0_idx1:67_idx2:80,805.0,535.0,drn_riv_cond_headgr,0.0,0.0
218,0,67,81,"(0, 67, 81)",idx0:0_idx1:67_idx2:81,815.0,535.0,drn_riv_cond_headgr,0.0,0.0
219,0,68,79,"(0, 68, 79)",idx0:0_idx1:68_idx2:79,795.0,525.0,drn_riv_cond_headgr,0.0,0.0
220,0,68,81,"(0, 68, 81)",idx0:0_idx1:68_idx2:81,815.0,525.0,drn_riv_cond_headgr,0.0,0.0
221,0,68,87,"(0, 68, 87)",idx0:0_idx1:68_idx2:87,875.0,525.0,drn_riv_cond_headgr,0.0,0.0
222,0,68,88,"(0, 68, 88)",idx0:0_idx1:68_idx2:88,885.0,525.0,drn_riv_cond_headgr,0.0,0.0
223,0,69,77,"(0, 69, 77)",idx0:0_idx1:69_idx2:77,775.0,515.0,drn_riv_cond_headgr,0.0,0.0
224,0,69,78,"(0, 69, 78)",idx0:0_idx1:69_idx2:78,785.0,515.0,drn_riv_cond_headgr,0.0,0.0
225,0,69,82,"(0, 69, 82)",idx0:0_idx1:69_idx2:82,825.0,515.0,drn_riv_cond_headgr,0.0,0.0
226,0,69,86,"(0, 69, 86)",idx0:0_idx1:69_idx2:86,865.0,515.0,drn_riv_cond_headgr,0.0,0.0
227,0,69,89,"(0, 69, 89)",idx0:0_idx1:69_idx2:89,895.0,515.0,drn_riv_cond_headgr,0.0,0.0
228,0,70,75,"(0, 70, 75)",idx0:0_idx1:70_idx2:75,755.0,505.0,drn_riv_cond_headgr,0.0,0.0
229,0,70,76,"(0, 70, 76)",idx0:0_idx1:70_idx2:76,765.0,505.0,drn_riv_cond_headgr,0.0,0.0
230,0,70,82,"(0, 70, 82)",idx0:0_idx1:70_idx2:82,825.0,505.0,drn_riv_cond_headgr,0.0,0.0
231,0,70,83,"(0, 70, 83)",idx0:0_idx1:70_idx2:83,835.0,505.0,drn_riv_cond_headgr,0.0,0.0
232,0,70,84,"(0, 70, 84)",idx0:0_idx1:70_idx2:84,845.0,505.0,drn_riv_cond_headgr,0.0,0.0
233,0,70,85,"(0, 70, 85)",idx0:0_idx1:70_idx2:85,855.0,505.0,drn_riv_cond_headgr,0.0,0.0
234,0,70,89,"(0, 70, 89)",idx0:0_idx1:70_idx2:89,895.0,505.0,drn_riv_cond_headgr,0.0,0.0
235,0,71,72,"(0, 71, 72)",idx0:0_idx1:71_idx2:72,725.0,495.0,drn_riv_cond_headgr,0.0,0.0
236,0,71,73,"(0, 71, 73)",idx0:0_idx1:71_idx2:73,735.0,495.0,drn_riv_cond_headgr,0.0,0.0
237,0,71,74,"(0, 71, 74)",idx0:0_idx1:71_idx2:74,745.0,495.0,drn_riv_cond_headgr,0.0,0.0
238,0,71,90,"(0, 71, 90)",idx0:0_idx1:71_idx2:90,905.0,495.0,drn_riv_cond_headgr,0.0,0.0
239,0,72,69,"(0, 72, 69)",idx0:0_idx1:72_idx2:69,695.0,485.0,drn_riv_cond_headgr,0.0,0.0
240,0,72,70,"(0, 72, 70)",idx0:0_idx1:72_idx2:70,705.0,485.0,drn_riv_cond_headgr,0.0,0.0
241,0,72,71,"(0, 72, 71)",idx0:0_idx1:72_idx2:71,715.0,485.0,drn_riv_cond_headgr,0.0,0.0
242,0,72,90,"(0, 72, 90)",idx0:0_idx1:72_idx2:90,905.0,485.0,drn_riv_cond_headgr,0.0,0.0
243,0,73,66,"(0, 73, 66)",idx0:0_idx1:73_idx2:66,665.0,475.0,drn_riv_cond_headgr,0.0,0.0
244,0,73,67,"(0, 73, 67)",idx0:0_idx1:73_idx2:67,675.0,475.0,drn_riv_cond_headgr,0.0,0.0
245,0,73,68,"(0, 73, 68)",idx0:0_idx1:73_idx2:68,685.0,475.0,drn_riv_cond_headgr,0.0,0.0
246,0,73,90,"(0, 73, 90)",idx0:0_idx1:73_idx2:90,905.0,475.0,drn_riv_cond_headgr,0.0,0.0
247,0,74,63,"(0, 74, 63)",idx0:0_idx1:74_idx2:63,635.0,465.0,drn_riv_cond_headgr,0.0,0.0
248,0,74,64,"(0, 74, 64)",idx0:0_idx1:74_idx2:64,645.0,465.0,drn_riv_cond_headgr,0.0,0.0
249,0,74,65,"(0, 74, 65)",idx0:0_idx1:74_idx2:65,655.0,465.0,drn_riv_cond_headgr,0.0,0.0
250,0,74,90,"(0, 74, 90)",idx0:0_idx1:74_idx2:90,905.0,465.0,drn_riv_cond_headgr,0.0,0.0
251,0,75,61,"(0, 75, 61)",idx0:0_idx1:75_idx2:61,615.0,455.0,drn_riv_cond_headgr,0.0,0.0
252,0,75,62,"(0, 75, 62)",idx0:0_idx1:75_idx2:62,625.0,455.0,drn_riv_cond_headgr,0.0,0.0
253,0,75,88,"(0, 75, 88)",idx0:0_idx1:75_idx2:88,885.0,455.0,drn_riv_cond_headgr,0.0,0.0
254,0,75,89,"(0, 75, 89)",idx0:0_idx1:75_idx2:89,895.0,455.0,drn_riv_cond_headgr,0.0,0.0
255,0,76,46,"(0, 76, 46)",idx0:0_idx1:76_idx2:46,465.0,445.0,drn_riv_cond_headgr,0.0,0.0
256,0,76,47,"(0, 76, 47)",idx0:0_idx1:76_idx2:47,475.0,445.0,drn_riv_cond_headgr,0.0,0.0
257,0,76,48,"(0, 76, 48)",idx0:0_idx1:76_idx2:48,485.0,445.0,drn_riv_cond_headgr,0.0,0.0
258,0,76,49,"(0, 76, 49)",idx0:0_idx1:76_idx2:49,495.0,445.0,drn_riv_cond_headgr,0.0,0.0
259,0,76,50,"(0, 76, 50)",idx0:0_idx1:76_idx2:50,505.0,445.0,drn_riv_cond_headgr,0.0,0.0
260,0,76,51,"(0, 76, 51)",idx0:0_idx1:76_idx2:51,515.0,445.0,drn_riv_cond_headgr,0.0,0.0
261,0,76,52,"(0, 76, 52)",idx0:0_idx1:76_idx2:52,525.0,445.0,drn_riv_cond_headgr,0.0,0.0
262,0,76,53,"(0, 76, 53)",idx0:0_idx1:76_idx2:53,535.0,445.0,drn_riv_cond_headgr,0.0,0.0
263,0,76,54,"(0, 76, 54)",idx0:0_idx1:76_idx2:54,545.0,445.0,drn_riv_cond_headgr,0.0,0.0
264,0,76,55,"(0, 76, 55)",idx0:0_idx1:76_idx2:55,555.0,445.0,drn_riv_cond_headgr,0.0,0.0
265,0,76,56,"(0, 76, 56)",idx0:0_idx1:76_idx2:56,565.0,445.0,drn_riv_cond_headgr,0.0,0.0
266,0,76,57,"(0, 76, 57)",idx0:0_idx1:76_idx2:57,575.0,445.0,drn_riv_cond_headgr,0.0,0.0
267,0,76,58,"(0, 76, 58)",idx0:0_idx1:76_idx2:58,585.0,445.0,drn_riv_cond_headgr,0.0,0.0
268,0,76,59,"(0, 76, 59)",idx0:0_idx1:76_idx2:59,595.0,445.0,drn_riv_cond_headgr,0.0,0.0
269,0,76,60,"(0, 76, 60)",idx0:0_idx1:76_idx2:60,605.0,445.0,drn_riv_cond_headgr,0.0,0.0
270,0,76,87,"(0, 76, 87)",idx0:0_idx1:76_idx2:87,875.0,445.0,drn_riv_cond_headgr,0.0,0.0
271,0,77,42,"(0, 77, 42)",idx0:0_idx1:77_idx2:42,425.0,435.0,drn_riv_cond_headgr,0.0,0.0
272,0,77,43,"(0, 77, 43)",idx0:0_idx1:77_idx2:43,435.0,435.0,drn_riv_cond_headgr,0.0,0.0
273,0,77,44,"(0, 77, 44)",idx0:0_idx1:77_idx2:44,445.0,435.0,drn_riv_cond_headgr,0.0,0.0
274,0,77,45,"(0, 77, 45)",idx0:0_idx1:77_idx2:45,455.0,435.0,drn_riv_cond_headgr,0.0,0.0
275,0,77,87,"(0, 77, 87)",idx0:0_idx1:77_idx2:87,875.0,435.0,drn_riv_cond_headgr,0.0,0.0
276,0,78,41,"(0, 78, 41)",idx0:0_idx1:78_idx2:41,415.0,425.0,drn_riv_cond_headgr,0.0,0.0
277,0,78,87,"(0, 78, 87)",idx0:0_idx1:78_idx2:87,875.0,425.0,drn_riv_cond_headgr,0.0,0.0
278,0,79,39,"(0, 79, 39)",idx0:0_idx1:79_idx2:39,395.0,415.0,drn_riv_cond_headgr,0.0,0.0
279,0,79,40,"(0, 79, 40)",idx0:0_idx1:79_idx2:40,405.0,415.0,drn_riv_cond_headgr,0.0,0.0
280,0,79,86,"(0, 79, 86)",idx0:0_idx1:79_idx2:86,865.0,415.0,drn_riv_cond_headgr,0.0,0.0
281,0,80,38,"(0, 80, 38)",idx0:0_idx1:80_idx2:38,385.0,405.0,drn_riv_cond_headgr,0.0,0.0
282,0,81,36,"(0, 81, 36)",idx0:0_idx1:81_idx2:36,365.0,395.0,drn_riv_cond_headgr,0.0,0.0
283,0,81,37,"(0, 81, 37)",idx0:0_idx1:81_idx2:37,375.0,395.0,drn_riv_cond_headgr,0.0,0.0
284,0,82,35,"(0, 82, 35)",idx0:0_idx1:82_idx2:35,355.0,385.0,drn_riv_cond_headgr,0.0,0.0
285,0,83,34,"(0, 83, 34)",idx0:0_idx1:83_idx2:34,345.0,375.0,drn_riv_cond_headgr,0.0,0.0
286,0,84,32,"(0, 84, 32)",idx0:0_idx1:84_idx2:32,325.0,365.0,drn_riv_cond_headgr,0.0,0.0
287,0,84,33,"(0, 84, 33)",idx0:0_idx1:84_idx2:33,335.0,365.0,drn_riv_cond_headgr,0.0,0.0
288,0,85,31,"(0, 85, 31)",idx0:0_idx1:85_idx2:31,315.0,355.0,drn_riv_cond_headgr,0.0,0.0
289,0,86,30,"(0, 86, 30)",idx0:0_idx1:86_idx2:30,305.0,345.0,drn_riv_cond_headgr,0.0,0.0
290,0,87,28,"(0, 87, 28)",idx0:0_idx1:87_idx2:28,285.0,335.0,drn_riv_cond_headgr,0.0,0.0
291,0,87,29,"(0, 87, 29)",idx0:0_idx1:87_idx2:29,295.0,335.0,drn_riv_cond_headgr,0.0,0.0
292,0,88,27,"(0, 88, 27)",idx0:0_idx1:88_idx2:27,275.0,325.0,drn_riv_cond_headgr,0.0,0.0
293,0,89,26,"(0, 89, 26)",idx0:0_idx1:89_idx2:26,265.0,315.0,drn_riv_cond_headgr,0.0,0.0
294,0,90,24,"(0, 90, 24)",idx0:0_idx1:90_idx2:24,245.0,305.0,drn_riv_cond_headgr,0.0,0.0
295,0,90,25,"(0, 90, 25)",idx0:0_idx1:90_idx2:25,255.0,305.0,drn_riv_cond_headgr,0.0,0.0
296,0,91,23,"(0, 91, 23)",idx0:0_idx1:91_idx2:23,235.0,295.0,drn_riv_cond_headgr,0.0,0.0
297,0,92,22,"(0, 92, 22)",idx0:0_idx1:92_idx2:22,225.0,285.0,drn_riv_cond_headgr,0.0,0.0
298,0,93,21,"(0, 93, 21)",idx0:0_idx1:93_idx2:21,215.0,275.0,drn_riv_cond_headgr,0.0,0.0
299,0,94,19,"(0, 94, 19)",idx0:0_idx1:94_idx2:19,195.0,265.0,drn_riv_cond_headgr,0.0,0.0
300,0,94,20,"(0, 94, 20)",idx0:0_idx1:94_idx2:20,205.0,265.0,drn_riv_cond_headgr,0.0,0.0
301,0,95,1,"(0, 95, 1)",idx0:0_idx1:95_idx2:1,15.0,255.0,drn_riv_cond_headgr,0.0,0.0
302,0,95,2,"(0, 95, 2)",idx0:0_idx1:95_idx2:2,25.0,255.0,drn_riv_cond_headgr,0.0,0.0
303,0,95,3,"(0, 95, 3)",idx0:0_idx1:95_idx2:3,35.0,255.0,drn_riv_cond_headgr,0.0,0.0
304,0,95,18,"(0, 95, 18)",idx0:0_idx1:95_idx2:18,185.0,255.0,drn_riv_cond_headgr,0.0,0.0
305,0,96,4,"(0, 96, 4)",idx0:0_idx1:96_idx2:4,45.0,245.0,drn_riv_cond_headgr,0.0,0.0
306,0,96,5,"(0, 96, 5)",idx0:0_idx1:96_idx2:5,55.0,245.0,drn_riv_cond_headgr,0.0,0.0
307,0,96,6,"(0, 96, 6)",idx0:0_idx1:96_idx2:6,65.0,245.0,drn_riv_cond_headgr,0.0,0.0
308,0,96,7,"(0, 96, 7)",idx0:0_idx1:96_idx2:7,75.0,245.0,drn_riv_cond_headgr,0.0,0.0
309,0,96,8,"(0, 96, 8)",idx0:0_idx1:96_idx2:8,85.0,245.0,drn_riv_cond_headgr,0.0,0.0
310,0,96,9,"(0, 96, 9)",idx0:0_idx1:96_idx2:9,95.0,245.0,drn_riv_cond_headgr,0.0,0.0
311,0,96,10,"(0, 96, 10)",idx0:0_idx1:96_idx2:10,105.0,245.0,drn_riv_cond_headgr,0.0,0.0
312,0,96,11,"(0, 96, 11)",idx0:0_idx1:96_idx2:11,115.0,245.0,drn_riv_cond_headgr,0.0,0.0
313,0,96,17,"(0, 96, 17)",idx0:0_idx1:96_idx2:17,175.0,245.0,drn_riv_cond_headgr,0.0,0.0
314,0,97,12,"(0, 97, 12)",idx0:0_idx1:97_idx2:12,125.0,235.0,drn_riv_cond_headgr,0.0,0.0
315,0,97,13,"(0, 97, 13)",idx0:0_idx1:97_idx2:13,135.0,235.0,drn_riv_cond_headgr,0.0,0.0
316,0,97,14,"(0, 97, 14)",idx0:0_idx1:97_idx2:14,145.0,235.0,drn_riv_cond_headgr,0.0,0.0
317,0,97,15,"(0, 97, 15)",idx0:0_idx1:97_idx2:15,155.0,235.0,drn_riv_cond_headgr,0.0,0.0
318,0,97,16,"(0, 97, 16)",idx0:0_idx1:97_idx2:16,165.0,235.0,drn_riv_cond_headgr,0.0,0.0
