pnum,dx,dy,dz,x,y,site,elev,kij,k,i,j,rk,ri,rj,dum
0,-3.064037386530911,-9.519016487743933,0.0,1925189.0279626134,5599059.659983512,pk2,3.16759026,"(4, np.int64(77), np.int64(89))",5,78,90,0.9626098744425826,0.9659983512014151,0.9027962613385171,0
1,8.106283035551622,-5.8556105870803945,0.0,1925200.1982830355,5599063.323389413,pk2,3.16759026,"(3, np.int64(76), np.int64(91))",4,77,92,0.16574526261253067,0.33233894128352404,0.019828303554095327,0
2,8.073995824928486,5.900050120044522,0.0,1925200.1659958248,5599075.07905012,pk2,3.16759026,"(4, np.int64(75), np.int64(91))",5,76,92,0.9100662707477937,0.5079050119966269,0.016599582484923305,0
3,-3.116279190721079,9.502042096595805,0.0,1925188.9757208093,5599078.681042097,pk2,3.16759026,"(3, np.int64(75), np.int64(89))",4,76,90,0.27140413449025463,0.8681042096577585,0.897572080930695,0
4,-9.999962283228124,-0.027465141816010088,0.0,1925182.0920377166,5599069.151534858,pk2,3.16759026,"(3, np.int64(76), np.int64(89))",4,77,90,0.2143985972095484,0.9151534858159721,0.209203771664761,0
5,5.578492828014774,-8.299422737021397,0.02631578947368421,1925197.670492828,5599060.879577262,pk2,3.193906049473684,"(3, np.int64(76), np.int64(90))",4,77,91,0.2419694591213027,0.0879577262327075,0.7670492827892303,0
6,9.617069162387683,2.7407992859477783,0.02631578947368421,1925201.7090691624,5599071.919799286,pk2,3.193906049473684,"(4, np.int64(75), np.int64(91))",5,76,92,0.925934769428486,0.19197992859408258,0.17090691623743623,0
7,0.3651827864992973,9.993329852078567,0.02631578947368421,1925192.4571827864,5599079.172329851,pk2,3.193906049473684,"(3, np.int64(75), np.int64(90))",4,76,91,0.29980931144987477,0.9172329851426184,0.24571827864274381,0
8,-9.391373788224723,3.435418223425735,0.02631578947368421,1925182.7006262117,5599072.614418223,pk2,3.193906049473684,"(3, np.int64(75), np.int64(89))",4,76,90,0.29027456529660417,0.26144182225689294,0.2700626211706549,0
9,-6.169370988677033,-7.870124624430681,0.02631578947368421,1925185.9226290113,5599061.308875375,pk2,3.193906049473684,"(3, np.int64(76), np.int64(89))",4,77,90,0.23279543597713187,0.13088753754273058,0.5922629011329263,0
10,-4.454922810019286,-8.952857798310541,0.05263157894736842,1925187.63707719,5599060.226142202,pk2,3.2202218389473685,"(3, np.int64(76), np.int64(89))",4,77,90,0.25119227474471567,0.022614220157265663,0.7637077189981938,0
11,7.138026891622566,-7.003468575960992,0.05263157894736842,1925199.2300268915,5599062.175531424,pk2,3.2202218389473685,"(3, np.int64(76), np.int64(90))",4,77,91,0.2604418860474687,0.2175531423650682,0.9230026891455054,0
12,8.866466041652796,4.624476179224823,0.05263157894736842,1925200.9584660416,5599073.803476179,pk2,3.2202218389473685,"(4, np.int64(75), np.int64(91))",5,76,92,0.9418032681091786,0.38034761790186167,0.09584660416003317,0
13,-1.6582495177843979,9.861552034886182,0.05263157894736842,1925190.4337504823,5599079.040552034,pk2,3.2202218389473685,"(3, np.int64(75), np.int64(90))",4,76,91,0.31875830272317707,0.9040552034042776,0.0433750482276082,0
14,-9.891320605471677,1.4702981601605276,0.05263157894736842,1925182.2006793944,5599070.649298159,pk2,3.2202218389473685,"(3, np.int64(75), np.int64(89))",4,76,90,0.30914499610295404,0.06492981594055891,0.2200679394416511,0
15,-1.3867358137920252,-9.903381431750802,0.07894736842105263,1925190.7052641863,5599059.275618568,pk2,3.2465376284210525,"(4, np.int64(77), np.int64(90))",5,78,91,0.8349069756019165,0.9275618568062782,0.07052641862537712,0
16,8.99015051085292,-4.379177296275065,0.07894736842105263,1925201.0821505107,5599064.799822703,pk2,3.2465376284210525,"(3, np.int64(76), np.int64(91))",4,77,92,0.21972316856606802,0.4799822703003883,0.1082150510745123,0
17,6.94295439347636,7.1969010198909436,0.07894736842105263,1925199.0349543935,5599076.375901019,pk2,3.2465376284210525,"(3, np.int64(75), np.int64(90))",4,76,91,0.337707293996479,0.6375901019200683,0.9034954393515363,0
18,-4.699168713344109,8.827106740236456,0.07894736842105263,1925187.3928312866,5599078.00610674,pk2,3.2465376284210525,"(3, np.int64(75), np.int64(89))",4,76,90,0.32801542690930363,0.8006106739863753,0.7392831286648288,0
19,-9.847200377193138,-1.7414490321015175,0.07894736842105263,1925182.2447996228,5599067.437550968,pk2,3.2465376284210525,"(3, np.int64(76), np.int64(89))",4,77,90,0.26958911351229914,0.7437550967559219,0.22447996228002012,0
20,9.538473583969726,-3.002918861360018,0.10526315789473684,1925201.630473584,5599066.176081138,pk2,3.2728534178947366,"(3, np.int64(76), np.int64(91))",4,77,92,0.2377158038839137,0.6176081137731672,0.16304735839366913,0
21,5.803495988845226,8.143674496654281,0.10526315789473684,1925197.895495989,5599077.322674496,pk2,3.2728534178947366,"(3, np.int64(75), np.int64(90))",4,76,91,0.35665628526978094,0.7322674496099353,0.7895495988894254,0
22,-5.951715809289702,8.035986493608052,0.10526315789473684,1925186.1402841907,5599077.214986493,pk2,3.2728534178947366,"(3, np.int64(75), np.int64(89))",4,76,90,0.34688585771565317,0.7214986492879689,0.6140284190652892,0
23,-9.481858650366341,-3.1771617104694205,0.10526315789473684,1925182.6101413495,5599066.001838289,pk2,3.2728534178947366,"(3, np.int64(76), np.int64(89))",4,77,90,0.2879859522798826,0.600183828920126,0.2610141349490732,0
24,0.09160488684109562,-9.999580418432908,0.10526315789473684,1925192.1836048868,5599059.179419581,pk2,3.2728534178947366,"(4, np.int64(77), np.int64(90))",5,78,91,0.8497803672580048,0.9179419580847025,0.21836048867553473,0
25,9.968163506005439,0.7973182034428622,0.13157894736842105,1925202.0601635058,5599069.976318203,pk2,3.299169207368421,"(3, np.int64(76), np.int64(91))",4,77,92,0.2557084392017597,0.9976318202912807,0.20601635058410467,0
26,2.3220372531187596,9.726671732670363,0.13157894736842105,1925194.414037253,5599078.9056717325,pk2,3.299169207368421,"(3, np.int64(75), np.int64(90))",4,76,91,0.3756052765430832,0.8905671732500196,0.44140372530091554,0
27,-8.533065560434602,5.214095524760253,0.13157894736842105,1925183.5589344394,5599074.393095524,pk2,3.299169207368421,"(3, np.int64(75), np.int64(89))",4,76,90,0.36575628852200304,0.43930955240502956,0.35589344394393263,0
28,-7.595761797698515,-6.504183477779807,0.13157894736842105,1925184.4962382023,5599062.674816522,pk2,3.299169207368421,"(3, np.int64(76), np.int64(89))",4,77,90,0.30638279104746635,0.2674816521815956,0.44962382023222747,0
29,3.838626599008917,-9.233901983093672,0.13157894736842105,1925195.930626599,5599059.945098016,pk2,3.299169207368421,"(4, np.int64(77), np.int64(90))",5,78,91,0.8646537589140934,0.9945098016411066,0.5930626598885282,0
30,-8.561910912306672,5.166592835682325,0.15789473684210525,1925183.5300890876,5599074.345592835,pk2,3.325484996842105,"(3, np.int64(75), np.int64(89))",4,76,90,0.3846267193283526,0.4345592834986746,0.35300890875514596,0
31,-7.559497759646603,-6.546296175846155,0.15789473684210525,1925184.5325022403,5599062.632703824,pk2,3.325484996842105,"(3, np.int64(76), np.int64(89))",4,77,90,0.3247796298150498,0.26327038239687683,0.45325022402685133,0
32,3.889884358966392,-9.212426372778706,0.15789473684210525,1925195.981884359,5599059.966573627,pk2,3.325484996842105,"(4, np.int64(77), np.int64(90))",5,78,91,0.8795271505701816,0.9966573626734316,0.5981884358916432,0
33,9.963578505794427,0.8527035586130087,0.15789473684210525,1925202.0555785059,5599070.031703558,pk2,3.325484996842105,"(3, np.int64(75), np.int64(91))",4,76,92,0.005277262831948001,0.0031703557819128037,0.2055578505853191,0
34,2.2679458071924556,9.739426154329534,0.15789473684210525,1925194.3599458071,5599078.918426154,pk2,3.325484996842105,"(3, np.int64(75), np.int64(90))",4,76,91,0.39455426781638514,0.8918426154181361,0.4359945807140321,0
35,9.53335127792981,3.019141171193235,0.18421052631578946,1925201.6253512779,5599072.198141171,pk2,3.3518007863157893,"(3, np.int64(75), np.int64(91))",4,76,92,0.021145761512640304,0.21981411706656218,0.16253512778785079,0
36,0.07459367374812695,9.999721785321668,0.18421052631578946,1925192.1665936736,5599079.178721785,pk2,3.3518007863157893,"(3, np.int64(75), np.int64(90))",4,76,91,0.4135032590896871,0.9178721784614027,0.21665936736389996,0
37,-9.487249852207746,3.1610267701783363,0.18421052631578946,1925182.6047501478,5599072.34002677,pk2,3.3518007863157893,"(3, np.int64(75), np.int64(89))",4,76,90,0.40349715013470216,0.2340026769787073,0.26047501477878543,0
38,-5.938036542174931,-8.046099802003152,0.18421052631578946,1925186.1539634578,5599061.132900198,pk2,3.3518007863157893,"(3, np.int64(76), np.int64(89))",4,77,90,0.3431764685826333,0.11329001979902387,0.6153963457792997,0
39,5.817341442704739,-8.133789924690085,0.18421052631578946,1925197.9093414426,5599061.045210075,pk2,3.3518007863157893,"(3, np.int64(76), np.int64(90))",4,77,91,0.35280402067829764,0.104521007463336,0.7909341442631558,0
40,8.09280747599217,5.874220557361227,0.21052631578947367,1925200.184807476,5599075.053220557,pk2,3.3781165757894733,"(3, np.int64(75), np.int64(91))",4,76,92,0.03701426019333261,0.5053220557048916,0.018480747588910162,0
41,-3.0859006969471388,9.511951266095783,0.21052631578947367,1925189.006099303,5599078.690951265,pk2,3.3781165757894733,"(3, np.int64(75), np.int64(89))",4,76,90,0.4223675809410517,0.8690951265394687,0.9006099303020164,0
42,-9.999998992612491,0.004488624418560528,0.21052631578947367,1925182.0920010074,5599069.183488624,pk2,3.3781165757894733,"(3, np.int64(76), np.int64(89))",4,77,90,0.36157330735021675,0.9183488624170423,0.20920010074041784,0
43,-3.0944385679520883,-9.509177143642379,0.21052631578947367,1925188.997561432,5599059.669822856,pk2,3.3781165757894733,"(3, np.int64(77), np.int64(89))",4,78,90,0.0930500483469653,0.9669822855852545,0.8997561431955546,0
44,8.087530781519549,-5.881483304233193,0.21052631578947367,1925200.1795307815,5599063.297516695,pk2,3.3781165757894733,"(3, np.int64(76), np.int64(91))",4,77,92,0.3096863451552967,0.3297516695223749,0.017953078146092594,0
45,-9.987159375769005,-0.5066039903013696,0.23684210526315788,1925182.1048406241,5599068.672396009,pk2,3.404432365263158,"(3, np.int64(76), np.int64(89))",4,77,90,0.37997014611780056,0.8672396008856594,0.21048406241461634,0
46,-2.6043929464864704,-9.654902246024633,0.23684210526315788,1925189.4876070535,5599059.524097754,pk2,3.404432365263158,"(3, np.int64(77), np.int64(89))",4,78,90,0.10935507005605512,0.9524097753688693,0.9487607053481042,0
47,8.37755601477988,-5.460453755799555,0.23684210526315788,1925200.4695560148,5599063.718546243,pk2,3.404432365263158,"(3, np.int64(76), np.int64(91))",4,77,92,0.3276789804731427,0.37185462433844807,0.046955601475201544,0
48,7.782007306276553,6.280156230943491,0.23684210526315788,1925199.8740073063,5599075.45915623,pk2,3.404432365263158,"(3, np.int64(75), np.int64(90))",4,76,91,0.4514012416362913,0.5459156230092048,0.9874007306294516,0
49,-3.5680109988009563,9.341803761182065,0.23684210526315788,1925188.523989001,5599078.520803761,pk2,3.404432365263158,"(3, np.int64(75), np.int64(89))",4,76,90,0.44123801174740157,0.8520803760737181,0.8523989001056179,0
50,3.0753740923358186,9.515359908704959,0.2631578947368421,1925195.1673740924,5599078.694359908,pk2,3.430748154736842,"(3, np.int64(75), np.int64(90))",4,76,91,0.4703502329095932,0.8694359907880426,0.5167374092387036,0
51,-8.099302187475311,5.865262489945154,0.2631578947368421,1925183.9926978124,5599075.044262489,pk2,3.430748154736842,"(3, np.int64(75), np.int64(89))",4,76,90,0.46010844255375116,0.5044262489303947,0.39926978123839946,0
52,-8.081018129351934,-5.8904283369790145,0.2631578947368421,1925184.0109818706,5599063.288571662,pk2,3.430748154736842,"(3, np.int64(76), np.int64(89))",4,77,90,0.398366984885384,0.32885716622695327,0.40109818705823275,0
53,3.1049583198317166,-9.505747410493706,0.2631578947368421,1925195.1969583197,5599059.673252589,pk2,3.430748154736842,"(4, np.int64(77), np.int64(90))",5,78,91,0.9390207171945351,0.9673252589069307,0.5196958319749683,0
54,9.999987904659704,0.015553348822600259,0.2631578947368421,1925202.0919879046,5599069.194553348,pk2,3.430748154736842,"(3, np.int64(76), np.int64(91))",4,77,92,0.3456716157909884,0.9194553348235786,0.2091987904626876,0
55,-0.3672218217836559,-9.99325513201809,0.2894736842105263,1925191.7247781781,5599059.185744868,pk2,3.4570639442105264,"(4, np.int64(77), np.int64(90))",5,78,91,0.9538941088506236,0.9185744867660105,0.17247781781479715,0
56,9.390672628669313,-3.4373343714513727,0.2894736842105263,1925201.4826726287,5599065.741665628,pk2,3.4570639442105264,"(3, np.int64(76), np.int64(91))",4,77,92,0.3636642511088344,0.5741665627807379,0.14826726287137718,0
57,6.170976683524612,7.868865659762885,0.2894736842105263,1925198.2629766834,5599077.047865659,pk2,3.4570639442105264,"(3, np.int64(75), np.int64(90))",4,76,91,0.4892992241828955,0.7047865658998489,0.8262976683443413,0
58,-5.576799294467998,8.300560802091702,0.2894736842105263,1925186.5152007055,5599077.479560802,pk2,3.4570639442105264,"(3, np.int64(75), np.int64(89))",4,76,90,0.47897887336010103,0.7479560801759362,0.6515200705500319,0
59,-9.617628195942268,-2.738836958385123,0.2894736842105263,1925182.474371804,5599066.440163041,pk2,3.4570639442105264,"(3, np.int64(76), np.int64(89))",4,77,90,0.4167638236529678,0.6440163041464985,0.24743718039244414,0
60,3.511697493289929,9.363118108601494,0.3157894736842105,1925195.6036974932,5599078.542118108,pk2,3.4833797336842105,"(3, np.int64(75), np.int64(90))",4,76,91,0.5082482154561975,0.8542118107900023,0.560369749320671,0
61,-7.819680285496114,6.23318540014842,0.3157894736842105,1925184.2723197145,5599075.4121854,pk2,3.4833797336842105,"(3, np.int64(75), np.int64(89))",4,76,90,0.49784930416645057,0.5412185399793088,0.4272319714538753,0
62,-8.344525690884009,-5.510797673130156,0.3157894736842105,1925183.747474309,5599063.668202327,pk2,3.4833797336842105,"(3, np.int64(76), np.int64(89))",4,77,90,0.4351606624205513,0.3668202326633036,0.37474743090569973,0
63,2.6624797885330964,-9.63904566726669,0.3157894736842105,1925194.7544797885,5599059.539954333,pk2,3.4833797336842105,"(4, np.int64(77), np.int64(90))",5,78,91,0.968767500506712,0.9539954332634807,0.4754479788476601,0
64,9.990028694557097,-0.446460168353069,0.3157894736842105,1925202.0820286945,5599068.732539831,pk2,3.4833797336842105,"(3, np.int64(76), np.int64(91))",4,77,92,0.38165688642668005,0.8732539830729366,0.20820286944508554,0
65,-3.039647098812472,-9.526832921526488,0.3421052631578947,1925189.052352901,5599059.652167078,pk2,3.5096955231578946,"(3, np.int64(77), np.int64(89))",4,78,90,0.17457515689241354,0.9652167078107595,0.9052352901082485,0
66,8.121253919237404,-5.834829455885675,0.3421052631578947,1925200.2132539193,5599063.344170543,pk2,3.5096955231578946,"(3, np.int64(76), np.int64(91))",4,77,92,0.3996495217445257,0.334417054336518,0.021325391926802696,0
67,8.05885805216948,5.920709999230085,0.3421052631578947,1925200.150858052,5599075.099709999,pk2,3.5096955231578946,"(3, np.int64(75), np.int64(91))",4,76,92,0.11635675359679465,0.5099709998816252,0.015085805207490921,0
68,-3.140605732485881,9.494029472941234,0.3421052631578947,1925188.9513942674,5599078.673029472,pk2,3.5096955231578946,"(3, np.int64(75), np.int64(89))",4,76,90,0.5167197349728001,0.8673029472120106,0.8951394267380237,0
69,-9.999859140108521,-0.053077094759143954,0.3421052631578947,1925182.09214086,5599069.125922904,pk2,3.5096955231578946,"(3, np.int64(76), np.int64(89))",4,77,90,0.45355750118813476,0.9125922904349864,0.2092140859924257,0
70,-2.6828295379989573,9.63340156279392,0.3684210526315789,1925189.409170462,5599078.812401562,pk2,3.5360113126315786,"(3, np.int64(75), np.int64(89))",4,76,90,0.5355901657791496,0.8812401561997831,0.9409170462051406,0
71,-9.990949250635838,0.42536228231847595,0.3684210526315789,1925182.1010507494,5599069.604362282,pk2,3.5360113126315786,"(3, np.int64(76), np.int64(89))",4,77,90,0.4719543399557182,0.960436228197068,0.21010507494211197,0
72,-3.491916678769286,-9.370513214788872,0.3684210526315789,1925188.600083321,5599059.808486785,pk2,3.5360113126315786,"(3, np.int64(77), np.int64(89))",4,78,90,0.19088017860150308,0.9808486784808338,0.86000833211001,0
73,7.8328260572737705,-6.2166579410880445,0.3684210526315789,1925199.9248260572,5599062.962342058,pk2,3.5360113126315786,"(3, np.int64(76), np.int64(90))",4,77,91,0.4821110091614583,0.29623420583084226,0.9924826057162136,0
74,8.332869410130307,5.5284073107645195,0.3684210526315789,1925200.42486941,5599074.707407311,pk2,3.5360113126315786,"(3, np.int64(75), np.int64(91))",4,76,92,0.13222525227748694,0.4707407310605049,0.04248694099951535,0
75,1.532032163528477,-9.881947047516205,0.39473684210526316,1925193.6240321635,5599059.297052952,pk2,3.562327102105263,"(3, np.int64(77), np.int64(90))",4,78,91,0.013387675474977115,0.9297052952460945,0.3624032163526863,0
76,9.871714107683259,-1.5966404028983237,0.39473684210526316,1925201.9637141076,5599067.582359597,pk2,3.562327102105263,"(3, np.int64(76), np.int64(91))",4,77,92,0.4356347923802174,0.7582359597086906,0.1963714107638225,0
77,4.569022682241617,8.895169010713715,0.39473684210526316,1925196.6610226822,5599078.07416901,pk2,3.562327102105263,"(3, np.int64(75), np.int64(90))",4,76,91,0.5650951892761036,0.8074169009923935,0.6661022682208568,0
78,-7.047902794688729,7.094157187194179,0.39473684210526316,1925185.0440972052,5599076.273157187,pk2,3.562327102105263,"(3, np.int64(75), np.int64(89))",4,76,90,0.5544605965854996,0.6273157186806202,0.5044097205158323,0
79,-8.924866158764624,-4.510738747493362,0.39473684210526316,1925183.1671338412,5599064.668261252,pk2,3.562327102105263,"(3, np.int64(76), np.int64(89))",4,77,90,0.490351178723302,0.46682612523436545,0.3167133841197938,0
80,9.994848462775083,0.32094268360962463,0.42105263157894735,1925202.0868484627,5599069.499942683,pk2,3.5886428915789472,"(3, np.int64(76), np.int64(91))",4,77,92,0.4536274276980631,0.9499942682683468,0.2086848462698981,0
81,2.783343400595633,9.604842503360517,0.42105263157894735,1925194.8753434005,5599078.783842503,pk2,3.5886428915789472,"(3, np.int64(75), np.int64(90))",4,76,91,0.5840441805494055,0.8783842503093183,0.48753434005193413,0
82,-8.27464763884427,5.615176440056801,0.42105263157894735,1925183.817352361,5599074.79417644,pk2,3.5886428915789472,"(3, np.int64(75), np.int64(89))",4,76,90,0.5733310273918492,0.4794176439754665,0.38173523610457777,0
83,-7.897356886330455,-6.134472610577778,0.42105263157894735,1925184.1946431135,5599063.044527389,pk2,3.5886428915789472,"(3, np.int64(76), np.int64(89))",4,77,90,0.5087480174908855,0.30445273891091346,0.41946431135293094,0
84,3.393812661804003,-9.406489016449168,0.42105263157894735,1925195.4858126617,5599059.772510983,pk2,3.5886428915789472,"(3, np.int64(77), np.int64(90))",4,78,91,0.028261067131065413,0.9772510983049869,0.5485812661703676,0
85,7.589446045518008,6.511551944212,0.4473684210526315,1925199.6814460454,5599075.690551944,pk2,3.6149586810526313,"(3, np.int64(75), np.int64(90))",4,76,91,0.6029931718227075,0.5690551944077015,0.96814460454043,0
86,-3.847586101780392,9.230172327177124,0.4473684210526315,1925188.244413898,5599078.409172326,pk2,3.6149586810526313,"(3, np.int64(75), np.int64(89))",4,76,90,0.5922014581981987,0.8409172326326371,0.8244413898093625,0
87,-9.967385031060003,-0.8069917239978203,0.4473684210526315,1925182.124614969,5599068.372008275,pk2,3.6149586810526313,"(3, np.int64(76), np.int64(89))",4,77,90,0.527144856258469,0.837200827524066,0.2124614968895912,0
88,-2.312596626371618,-9.728920641247651,0.4473684210526315,1925189.7794033736,5599059.450079358,pk2,3.6149586810526313,"(3, np.int64(77), np.int64(89))",4,78,90,0.23979524372877198,0.9450079358182848,0.9779403373599053,0
89,8.538121713694002,-5.205811906143651,0.4473684210526315,1925200.6301217137,5599063.973188093,pk2,3.6149586810526313,"(3, np.int64(76), np.int64(91))",4,77,92,0.47162006301590875,0.3973188092932105,0.06301217137370259,0
90,7.666799260448328,6.420295094463258,0.47368421052631576,1925199.7587992605,5599075.599295094,pk2,3.641274470526316,"(3, np.int64(75), np.int64(90))",4,76,91,0.6219421630960097,0.5599295093677938,0.9758799260482192,0
91,-3.7368922221872762,9.275539688867502,0.47368421052631576,1925188.3551077778,5599078.454539688,pk2,3.641274470526316,"(3, np.int64(75), np.int64(89))",4,76,90,0.6110718890045486,0.8454539688304067,0.8355107777751982,0
92,-9.97632566605519,-0.6876963027445153,0.47368421052631576,1925182.1156743339,5599068.491303697,pk2,3.641274470526316,"(3, np.int64(76), np.int64(89))",4,77,90,0.5455416950260527,0.8491303697228432,0.2115674333879724,0
93,-2.4288161222727602,-9.700559377901252,0.47368421052631576,1925189.6631838777,5599059.478440622,pk2,3.641274470526316,"(3, np.int64(77), np.int64(89))",4,78,90,0.2561002654378618,0.9478440621867776,0.9663183877710253,0
94,8.475234750066903,-5.307579102684991,0.47368421052631576,1925200.56723475,5599063.871420897,pk2,3.641274470526316,"(3, np.int64(76), np.int64(91))",4,77,92,0.4896126983337547,0.3871420896612108,0.056723474990576506,0
95,0.14650427070028788,9.998926767341912,0.5,1925192.2385042706,5599079.177926767,pk2,3.66759026,"(3, np.int64(75), np.int64(90))",4,76,91,0.6408911543693117,0.9177926766686142,0.2238504270557314,0
96,-9.464272148643664,3.229172137933787,0.5,1925182.6277278513,5599072.408172137,pk2,3.66759026,"(3, np.int64(75), np.int64(89))",4,76,90,0.6299423198108981,0.2408172137103975,0.26277278512716296,0
97,-5.995746137341071,-8.003188630574668,0.5,1925186.0962538626,5599061.175811369,pk2,3.66759026,"(3, np.int64(76), np.int64(89))",4,77,90,0.5639385337936361,0.11758113689720631,0.6096253862604499,0
98,5.758697247850985,-8.175414730005658,0.5,1925197.8506972478,5599061.00358527,pk2,3.66759026,"(3, np.int64(76), np.int64(90))",4,77,91,0.5744731437922876,0.10035852696746587,0.7850697247777134,0
99,9.554816767433458,2.950504455304625,0.5,1925201.6468167673,5599072.129504455,pk2,3.66759026,"(3, np.int64(75), np.int64(91))",4,76,92,0.211567745680949,0.2129504455253482,0.16468167672865092,0
